[
  {
    "id": "0a1bb097-b1c3-4f5f-9bee-ba4604915b43",
    "data": [
      {
        "text": "pizza",
        "meta": "@aryan",
        "alias": "aryan",
        "userDefined": false
      }
    ],
    "isTemplate": false,
    "count": 0,
    "lang": "en",
    "updated": 0
  },
  {
    "id": "c040f47b-1ae1-4c8f-9c57-de14f6a93885",
    "data": [
      {
        "text": "nachos",
        "meta": "@aryan",
        "alias": "aryan",
        "userDefined": false
      }
    ],
    "isTemplate": false,
    "count": 0,
    "lang": "en",
    "updated": 0
  },
  {
    "id": "b18b23ee-d2f6-4823-9b6d-93dc2d079f66",
    "data": [
      {
        "text": "coldrink",
        "meta": "@aryan",
        "alias": "aryan",
        "userDefined": false
      }
    ],
    "isTemplate": false,
    "count": 0,
    "lang": "en",
    "updated": 0
  },
  {
    "id": "cf3c065c-85a5-4a6f-9ee9-20aa0c62c87a",
    "data": [
      {
        "text": "sweet corn",
        "meta": "@aryan",
        "alias": "aryan",
        "userDefined": false
      }
    ],
    "isTemplate": false,
    "count": 0,
    "lang": "en",
    "updated": 0
  },
  {
    "id": "b75f93b4-856a-4dc8-8c93-9c5c973dab66",
    "data": [
      {
        "text": "ice cream",
        "meta": "@aryan",
        "alias": "aryan",
        "userDefined": false
      }
    ],
    "isTemplate": false,
    "count": 0,
    "lang": "en",
    "updated": 0
  },
  {
    "id": "e7e60f07-b979-4509-b653-8fbb77c62729",
    "data": [
      {
        "text": "popcorn",
        "meta": "@aryan",
        "alias": "aryan",
        "userDefined": false
      }
    ],
    "isTemplate": false,
    "count": 0,
    "lang": "en",
    "updated": 0
  }
]