[
  {
    "id": "f6bcc9e3-0ba5-4e3d-89bb-ab402da1b5a8",
    "data": [
      {
        "text": "7",
        "meta": "@sys.number",
        "alias": "number",
        "userDefined": false
      }
    ],
    "isTemplate": false,
    "count": 0,
    "lang": "en",
    "updated": 0
  },
  {
    "id": "f66883ea-d45c-4401-ba4d-666407c2348b",
    "data": [
      {
        "text": "yes",
        "userDefined": false
      }
    ],
    "isTemplate": false,
    "count": 0,
    "lang": "en",
    "updated": 0
  }
]