[
  {
    "id": "2a7c2c6c-22de-4c07-9ca0-934622d81e6b",
    "data": [
      {
        "text": "ok",
        "userDefined": false
      }
    ],
    "isTemplate": false,
    "count": 0,
    "lang": "en",
    "updated": 0
  },
  {
    "id": "8a93bad0-10f5-4f2a-b490-13879b07069b",
    "data": [
      {
        "text": "ENGLISH",
        "meta": "@sys.language",
        "alias": "language",
        "userDefined": false
      }
    ],
    "isTemplate": false,
    "count": 0,
    "lang": "en",
    "updated": 0
  },
  {
    "id": "82376ab3-39cf-440b-8a1a-d9162b2eb1dc",
    "data": [
      {
        "text": "Saturday",
        "meta": "@sys.date-time",
        "alias": "date-time",
        "userDefined": false
      }
    ],
    "isTemplate": false,
    "count": 0,
    "lang": "en",
    "updated": 0
  },
  {
    "id": "fde22499-1dd5-4c53-952a-71fa097285ba",
    "data": [
      {
        "text": "2879824792",
        "meta": "@sys.number",
        "alias": "number",
        "userDefined": false
      }
    ],
    "isTemplate": false,
    "count": 0,
    "lang": "en",
    "updated": 0
  },
  {
    "id": "4adf194a-eb1e-48ae-a4f5-1f14b2952b99",
    "data": [
      {
        "text": "Jack",
        "meta": "@sys.person",
        "alias": "person",
        "userDefined": false
      }
    ],
    "isTemplate": false,
    "count": 0,
    "lang": "en",
    "updated": 0
  }
]