[
  {
    "id": "da4fa156-2604-4ec0-b2f8-ebcf979b6a96",
    "data": [
      {
        "text": "full",
        "userDefined": false
      }
    ],
    "isTemplate": false,
    "count": 0,
    "lang": "en",
    "updated": 0
  },
  {
    "id": "be7f5388-bb34-4d9c-9dbb-1521bd0fc883",
    "data": [
      {
        "text": "rocker",
        "userDefined": false
      }
    ],
    "isTemplate": false,
    "count": 0,
    "lang": "en",
    "updated": 0
  },
  {
    "id": "2c03f31b-18cb-427a-9688-25753e23571e",
    "data": [
      {
        "text": "FULL ROCKER.",
        "userDefined": false
      }
    ],
    "isTemplate": false,
    "count": 0,
    "lang": "en",
    "updated": 0
  }
]