[
  {
    "id": "d59442a2-0f5b-4709-95bd-267581a3e59b",
    "data": [
      {
        "text": "loki",
        "userDefined": false
      }
    ],
    "isTemplate": false,
    "count": 0,
    "lang": "en",
    "updated": 0
  },
  {
    "id": "a25a2a61-6f1b-4013-a6ec-8b88478e6161",
    "data": [
      {
        "text": "Loki episode ",
        "userDefined": false
      },
      {
        "text": "1",
        "meta": "@sys.number",
        "alias": "number",
        "userDefined": false
      },
      {
        "text": " and  2",
        "userDefined": false
      }
    ],
    "isTemplate": false,
    "count": 0,
    "lang": "en",
    "updated": 0
  }
]