[
  {
    "id": "be894987-844a-4676-8bcf-af883297f717",
    "data": [
      {
        "text": "book a ticket",
        "userDefined": false
      }
    ],
    "isTemplate": false,
    "count": 0,
    "lang": "en",
    "updated": 0
  },
  {
    "id": "ce320b0a-f367-4490-8966-37dc728c4f11",
    "data": [
      {
        "text": "movie ticket",
        "userDefined": false
      }
    ],
    "isTemplate": false,
    "count": 0,
    "lang": "en",
    "updated": 0
  },
  {
    "id": "1a2ab63b-afe0-481d-890e-a93a93913bb0",
    "data": [
      {
        "text": "book movie ticket",
        "userDefined": false
      }
    ],
    "isTemplate": false,
    "count": 0,
    "lang": "en",
    "updated": 0
  },
  {
    "id": "3b65cf7a-d1a1-47f1-b223-4edc4d6aa3d2",
    "data": [
      {
        "text": "book",
        "userDefined": false
      }
    ],
    "isTemplate": false,
    "count": 0,
    "lang": "en",
    "updated": 0
  },
  {
    "id": "4787d2ac-a16d-47c3-a6d2-55615ea5a63d",
    "data": [
      {
        "text": "book tickets",
        "userDefined": false
      }
    ],
    "isTemplate": false,
    "count": 0,
    "lang": "en",
    "updated": 0
  }
]