[
  {
    "id": "3993cca0-9afc-4c8e-a46b-285f2645b0b3",
    "data": [
      {
        "text": "platinum",
        "meta": "@sys.color",
        "alias": "color",
        "userDefined": false
      }
    ],
    "isTemplate": false,
    "count": 0,
    "lang": "en",
    "updated": 0
  },
  {
    "id": "e1a072a7-a9d3-464e-8abb-a9bc75e89e30",
    "data": [
      {
        "text": "PLANETARIUM",
        "userDefined": false
      }
    ],
    "isTemplate": false,
    "count": 0,
    "lang": "en",
    "updated": 0
  },
  {
    "id": "d1556d86-678e-4442-8450-ea737b540dd0",
    "data": [
      {
        "text": "PLANETARIUM SEATING.",
        "userDefined": false
      }
    ],
    "isTemplate": false,
    "count": 0,
    "lang": "en",
    "updated": 0
  }
]