[
  {
    "id": "89bc27e1-7693-4949-975b-510f71b8c34e",
    "data": [
      {
        "text": "glider",
        "userDefined": false
      }
    ],
    "isTemplate": false,
    "count": 0,
    "lang": "en",
    "updated": 0
  },
  {
    "id": "895afbb9-e2c7-456b-9f1c-49ab9c410382",
    "data": [
      {
        "text": "PREMIUM GLIDER.",
        "userDefined": false
      }
    ],
    "isTemplate": false,
    "count": 0,
    "lang": "en",
    "updated": 0
  },
  {
    "id": "94f487e9-c686-425e-adf6-ccba253be061",
    "data": [
      {
        "text": "Premium",
        "userDefined": false
      }
    ],
    "isTemplate": false,
    "count": 0,
    "lang": "en",
    "updated": 0
  }
]