[
  {
    "id": "729e00e5-bc73-4af4-bbac-cdcab389c624",
    "data": [
      {
        "text": "vip cinema",
        "userDefined": false
      }
    ],
    "isTemplate": false,
    "count": 0,
    "lang": "en",
    "updated": 0
  },
  {
    "id": "078db922-b81f-45cb-90af-f5da43e0f8ff",
    "data": [
      {
        "text": "vip",
        "userDefined": false
      }
    ],
    "isTemplate": false,
    "count": 0,
    "lang": "en",
    "updated": 0
  },
  {
    "id": "071282b7-c6b6-4fdf-8eb9-5c34a8636433",
    "data": [
      {
        "text": "VIP CINEMA SEATING.",
        "userDefined": false
      }
    ],
    "isTemplate": false,
    "count": 0,
    "lang": "en",
    "updated": 0
  }
]